City_ID,City,Country,Lat,Lng,Max Temp,Humidity,Cloudiness,Wind Speed,Current Description
0,Busselton,AU,-33.65,115.3333,54.97,63,99,1.81,overcast clouds
1,New Norfolk,AU,-42.7826,147.0587,49.5,79,100,3.15,overcast clouds
2,Vaini,TO,-21.2,-175.2,75.36,88,75,9.22,broken clouds
3,Cape Town,ZA,-33.9258,18.4232,56.37,86,0,2.3,clear sky
4,Atuona,PF,-9.8,-139.0333,77.2,79,54,18.59,broken clouds
5,Ohara,JP,35.25,140.3833,74.82,92,8,2.55,clear sky
6,Hobart,AU,-42.8794,147.3294,49.86,81,75,12.66,broken clouds
7,Puerto Rondon,CO,6.2805,-71.1,84.45,67,34,2.98,scattered clouds
8,Misratah,LY,32.3754,15.0925,79.54,59,0,6.17,clear sky
9,Punta Arenas,CL,-53.15,-70.9167,32.11,80,20,3.44,few clouds
10,Port Alfred,ZA,-33.5906,26.891,59.2,77,82,18.5,light rain
11,Bethel,US,41.3712,-73.414,84.04,43,0,5.75,clear sky
12,Normandin,CA,48.8333,-72.5321,80.91,38,83,5.75,broken clouds
13,Puerto Ayora,EC,-0.7393,-90.3518,80.56,90,55,8.01,broken clouds
14,Bilma,NE,18.6853,12.9164,95.13,22,93,9.24,overcast clouds
15,Kaitangata,NZ,-46.2817,169.8464,38.71,84,63,6.31,broken clouds
16,Jamestown,US,42.097,-79.2353,81.95,30,0,5.75,clear sky
17,Avarua,CK,-21.2078,-159.775,77.05,50,75,8.05,broken clouds
18,Axim,GH,4.8699,-2.2405,75.74,83,70,7.67,broken clouds
19,Cherskiy,RU,68.75,161.3,54.59,50,96,9.66,overcast clouds
20,Mataura,NZ,-46.1927,168.8643,32.49,91,58,3.85,broken clouds
21,Bredasdorp,ZA,-34.5322,20.0403,49.5,85,57,6.58,broken clouds
22,Butaritari,KI,3.0707,172.7902,82.63,77,16,16.96,few clouds
23,Ushuaia,AR,-54.8,-68.3,33.46,69,40,3.44,scattered clouds
24,Sao Gabriel Da Cachoeira,BR,-0.1303,-67.0892,78.96,89,67,2.21,broken clouds
25,Kapaa,US,22.0752,-159.319,84.52,72,20,17.27,few clouds
26,Kodiak,US,57.79,-152.4072,60.31,63,100,14.97,overcast clouds
27,Maceio,BR,-9.6658,-35.7353,76.44,78,20,5.75,few clouds
28,Barrow,US,71.2906,-156.7887,60.82,67,75,4.61,broken clouds
29,Chuy,UY,-33.6971,-53.4616,65.84,87,23,7.14,few clouds
30,Bluff,NZ,-46.6,168.3333,32.81,80,68,15.52,broken clouds
31,Drumheller,CA,51.4617,-112.7101,78.13,31,65,8.05,broken clouds
32,Chikwawa,MW,-16.0335,34.8009,65.8,77,24,2.48,few clouds
33,Coahuayana,MX,18.7333,-103.6833,90.93,56,69,7.94,broken clouds
34,Yulara,AU,-25.2406,130.9889,43.2,48,0,6.22,clear sky
35,Lubao,PH,14.9167,120.55,82.11,91,72,2.19,broken clouds
36,Hambantota,LK,6.1241,81.1185,80.94,78,40,13.8,light rain
37,Kununurra,AU,-15.7667,128.7333,46.38,76,8,0.0,clear sky
38,Trinidad,BO,-14.8333,-64.9,91.38,46,20,10.36,few clouds
39,Ippy,CF,6.2679,21.2247,69.96,94,100,1.88,overcast clouds
40,Jacareacanga,BR,-6.2222,-57.7528,88.3,45,61,3.18,broken clouds
41,Constitucion,CL,-35.3333,-72.4167,51.78,75,26,0.54,scattered clouds
42,Saint-Pierre,RE,-21.3393,55.4781,67.91,73,0,8.05,clear sky
43,Albany,US,42.6001,-73.9662,82.4,36,84,3.22,broken clouds
44,Upernavik,GL,72.7868,-56.1549,38.91,84,54,4.25,broken clouds
45,Wuhan,CN,30.5833,114.2667,89.69,76,20,6.53,few clouds
46,Havoysund,NO,70.9963,24.6622,52.03,81,98,9.04,overcast clouds
47,Chokurdakh,RU,70.6333,147.9167,64.2,46,98,9.95,overcast clouds
48,Quatre Cocos,MU,-20.2078,57.7625,70.09,59,87,21.14,overcast clouds
49,Bonthe,SL,7.5264,-12.505,76.64,84,99,9.71,light rain
50,Leningradskiy,RU,69.3833,178.4167,37.89,86,100,12.59,overcast clouds
51,Iqaluit,CA,63.7506,-68.5145,53.33,66,20,3.44,few clouds
52,Lompoc,US,34.6391,-120.4579,86.14,76,40,15.01,mist
53,Horki,BY,54.2861,30.9842,56.89,95,100,8.14,overcast clouds
54,Nurpur,IN,29.15,78.4167,85.84,57,83,3.76,broken clouds
55,East London,ZA,-33.0153,27.9116,62.71,64,99,7.45,overcast clouds
56,Tual,ID,-5.6667,132.75,79.88,80,86,20.47,overcast clouds
57,Nemuro,JP,43.3236,145.575,59.99,99,100,10.98,overcast clouds
58,Mar Del Plata,AR,-38.0023,-57.5575,53.62,77,0,8.99,clear sky
59,Thompson,CA,55.7435,-97.8558,82.56,34,40,6.91,scattered clouds
60,Arraial Do Cabo,BR,-22.9661,-42.0278,73.26,73,0,17.27,clear sky
61,Ryotsu,JP,38.0833,138.4333,76.05,78,97,3.15,overcast clouds
62,Ambilobe,MG,-13.2,49.05,64.9,74,6,4.34,clear sky
63,Camacha,PT,33.0833,-16.3333,65.62,83,75,20.71,broken clouds
64,Mabaruma,GY,8.2,-59.7833,75.2,100,75,4.61,broken clouds
65,Lagoa,PT,39.05,-27.9833,67.77,73,22,5.97,few clouds
66,Port Blair,IN,11.6667,92.75,80.64,94,100,4.61,heavy intensity rain
67,Hermanus,ZA,-34.4187,19.2345,50.81,69,58,7.61,broken clouds
68,La Trinitaria,MX,16.1167,-92.05,77.77,47,52,6.69,broken clouds
69,Dikson,RU,73.5069,80.5464,37.83,90,100,2.91,overcast clouds
70,Migori,KE,-1.0634,34.4731,66.11,65,97,2.84,overcast clouds
71,Saint Anthony,US,45.0205,-93.218,83.82,67,100,9.22,overcast clouds
72,Kattivakkam,IN,13.2167,80.3167,84.29,75,100,12.8,overcast clouds
73,Haines Junction,CA,60.7522,-137.5108,67.95,42,99,2.3,overcast clouds
74,Itoman,JP,26.1247,127.6694,83.17,92,20,5.75,few clouds
75,Te Anau,NZ,-45.4167,167.7167,30.15,92,99,0.6,overcast clouds
76,George,ZA,-33.963,22.4617,51.35,93,100,8.05,overcast clouds
77,Jiwani,PK,25.05,61.7417,83.41,84,100,12.8,light rain
78,Campoverde,PE,-8.4753,-74.8058,87.49,34,42,1.61,scattered clouds
79,Cockburn Town,TC,21.4612,-71.1419,81.9,80,82,18.52,broken clouds
80,Rikitea,PF,-23.1203,-134.9692,72.77,78,17,4.21,few clouds
81,Kawalu,ID,-7.3817,108.2082,69.82,94,87,1.45,overcast clouds
82,Ocampo,MX,21.65,-101.5,79.84,24,61,11.88,broken clouds
83,Kargopol,RU,61.5071,38.9456,60.62,99,100,5.21,overcast clouds
84,Okhotsk,RU,59.3833,143.3,59.9,86,42,5.66,scattered clouds
85,Parrita,CR,9.5201,-84.3225,78.28,88,98,2.37,overcast clouds
86,Khatanga,RU,71.9667,102.5,45.66,64,80,12.88,broken clouds
87,Grand Gaube,MU,-20.0064,57.6608,70.38,67,95,8.01,overcast clouds
88,Norman Wells,CA,65.282,-126.8329,75.24,50,100,2.3,smoke
89,Saint-Denis,FR,48.9167,2.3333,74.08,57,0,13.8,clear sky
90,Derzhavinsk,KZ,51.1,66.3167,65.35,77,62,10.29,broken clouds
91,Lebu,CL,-37.6167,-73.65,49.66,81,4,6.96,clear sky
92,Torbay,CA,47.6666,-52.7314,66.76,60,20,23.02,few clouds
93,Sumbe,AO,-11.2061,13.8437,68.0,90,4,6.2,clear sky
94,Hithadhoo,MV,-0.6,73.0833,82.36,71,100,4.03,overcast clouds
95,Honiara,SB,-9.4333,159.95,79.09,75,87,4.38,overcast clouds
96,Zeya,RU,53.75,127.2667,58.87,99,47,4.81,scattered clouds
97,Geraldton,AU,-28.7667,114.6,46.81,87,23,3.44,few clouds
98,Henties Bay,NA,-22.116,14.2845,54.57,89,0,8.03,clear sky
99,Izhma,RU,65.0083,53.9113,61.79,60,48,4.41,scattered clouds
100,Hami,CN,42.8,93.45,81.54,22,100,12.08,overcast clouds
101,Harnosand,SE,62.6323,17.9379,55.42,87,17,8.21,few clouds
102,Kalemie,CD,-5.9475,29.1947,70.32,56,5,2.8,clear sky
103,Strelka,RU,58.0728,93.0344,59.63,98,1,3.18,clear sky
104,Yellowknife,CA,62.456,-114.3525,66.72,77,75,11.5,thunderstorm with light rain
105,Castro,BR,-24.7911,-50.0119,59.63,74,6,3.47,clear sky
106,Nizwa,OM,22.9333,57.5333,78.57,90,100,8.05,moderate rain
107,Burnie,AU,-41.0667,145.9167,51.94,75,100,14.12,overcast clouds
108,Acari,PE,-15.4311,-74.6158,69.57,64,92,7.99,overcast clouds
109,Severo-Kurilsk,RU,50.6789,156.125,60.91,74,100,5.68,overcast clouds
110,Saint-Philippe,RE,-21.3585,55.7679,62.19,76,37,13.6,scattered clouds
111,Sylvan Lake,CA,52.3168,-114.0853,71.17,44,0,6.91,clear sky
112,Bandarbeyla,SO,9.4942,50.8122,75.65,78,53,32.68,broken clouds
113,Lorengau,PG,-2.0226,147.2712,81.91,72,65,8.55,broken clouds
114,Souillac,MU,-20.5167,57.5167,70.18,68,40,17.27,scattered clouds
115,Tabuk,PH,17.4189,121.4443,73.76,93,12,2.55,few clouds
116,Aklavik,CA,68.2191,-135.0107,74.01,44,75,8.55,broken clouds
117,Berlevag,NO,70.8578,29.0864,57.0,87,0,10.36,clear sky
118,Ponta Do Sol,PT,32.6667,-17.1,72.23,72,4,5.12,clear sky
119,Marzuq,YE,14.4,46.4667,77.34,38,100,3.33,overcast clouds
120,Severnyy,RU,50.677,36.5532,69.84,68,75,4.47,light intensity shower rain
121,Usvyaty,RU,55.7456,30.7533,56.32,95,92,4.03,overcast clouds
122,Kijang,KR,35.2442,129.2139,78.53,88,100,1.74,overcast clouds
123,Mayo,US,38.8876,-76.5119,84.94,65,20,4.61,few clouds
124,Kitaibaraki,JP,36.7833,140.75,73.15,85,15,1.92,few clouds
125,Mount Gambier,AU,-37.8333,140.7667,47.43,62,100,11.16,light rain
126,Bambous Virieux,MU,-20.3428,57.7575,70.21,68,40,17.27,scattered clouds
127,Impfondo,CG,1.6381,18.0667,77.16,69,93,1.57,overcast clouds
128,Tiznit,MA,29.5833,-9.5,91.44,10,26,2.55,scattered clouds
129,Kyra,RU,49.5776,111.9753,51.67,76,100,5.03,overcast clouds
130,Fortuna,US,40.5982,-124.1573,72.93,70,0,4.0,clear sky
131,Huarmey,PE,-10.0681,-78.1522,67.12,74,28,11.5,scattered clouds
132,Muros,ES,42.7762,-9.0603,64.09,85,27,3.98,scattered clouds
133,Lanzhou,CN,36.0564,103.7922,71.47,86,100,4.23,light rain
134,Bonavista,CA,48.6499,-53.1147,59.72,71,86,14.72,overcast clouds
135,Hilo,US,19.7297,-155.09,84.27,86,100,5.99,overcast clouds
136,Grootfontein,NA,-19.5667,18.1167,51.37,46,0,3.44,clear sky
137,College,US,64.8569,-147.8028,69.58,83,75,0.0,smoke
138,Kabanjahe,ID,3.1001,98.4908,61.38,94,100,3.42,overcast clouds
139,Hobyo,SO,5.3505,48.5268,76.42,79,100,22.97,overcast clouds
140,Mahebourg,MU,-20.4081,57.7,70.25,68,40,17.27,scattered clouds
141,Pevek,RU,69.7008,170.3133,32.85,86,93,3.44,overcast clouds
142,Ilulissat,GL,69.2167,-51.1,42.82,87,100,4.61,overcast clouds
143,Petukhovo,RU,55.0692,67.9019,64.92,84,71,7.25,broken clouds
144,Cabo San Lucas,MX,22.8909,-109.9124,99.61,31,20,16.11,few clouds
145,Tocopilla,CL,-22.092,-70.1979,63.36,68,100,4.97,overcast clouds
146,Qaanaaq,GL,77.484,-69.3632,43.77,73,100,5.5,overcast clouds
147,Saskylakh,RU,71.9167,114.0833,46.69,81,100,11.68,light rain
148,Mikun,RU,62.3547,50.0771,62.11,71,43,3.91,scattered clouds
149,Wuning,CN,29.2589,120.2311,81.16,83,100,1.92,overcast clouds
150,Kirakira,SB,-10.4544,161.9205,80.71,77,21,3.87,few clouds
151,Inirida,CO,3.8653,-67.9239,76.05,97,97,2.68,overcast clouds
152,Carutapera,BR,-1.195,-46.02,75.47,92,78,7.78,broken clouds
153,Tuktoyaktuk,CA,69.4541,-133.0374,50.0,93,100,4.61,mist
154,Nikolskoye,RU,59.7035,30.7861,60.69,98,23,3.09,few clouds
155,Cidreira,BR,-30.1811,-50.2056,63.97,86,100,9.84,overcast clouds
156,Port Elizabeth,ZA,-33.918,25.5701,55.69,91,20,11.5,few clouds
157,Touros,BR,-5.1989,-35.4608,76.51,81,11,15.97,few clouds
158,Moose Factory,CA,51.2585,-80.6094,66.2,72,100,3.44,overcast clouds
159,Dingle,PH,10.9995,122.6711,76.15,92,99,5.39,overcast clouds
160,Narsaq,GL,60.9167,-46.05,57.42,79,9,6.46,clear sky
161,Fairbanks,US,64.8378,-147.7164,69.6,83,40,0.0,smoke
162,Carnarvon,AU,-24.8667,113.6333,59.41,65,0,17.56,clear sky
163,Necochea,AR,-38.5473,-58.7368,50.36,67,100,9.71,overcast clouds
164,Nyurba,RU,63.2842,118.3319,57.78,91,25,0.69,scattered clouds
165,Ternate,ID,0.8,127.4,79.34,82,94,5.86,overcast clouds
166,Pierre,US,44.3683,-100.351,91.85,44,0,16.11,clear sky
167,Provideniya,RU,64.3833,-173.3,51.91,87,75,7.0,broken clouds
168,Georgetown,MY,5.4112,100.3354,82.89,86,20,4.61,thunderstorm with light rain
169,Maneadero,MX,31.7167,-116.5667,79.68,52,15,10.58,few clouds
170,Szolnok,HU,47.1833,20.2,64.72,53,75,11.5,broken clouds
171,Poddorye,RU,57.4695,31.1156,56.89,95,86,3.18,overcast clouds
172,Coihaique,CL,-45.5752,-72.0662,30.15,80,75,3.44,broken clouds
173,Ocho Rios,JM,18.4025,-77.1048,85.8,67,97,11.3,overcast clouds
174,La Libertad,EC,-2.2333,-80.9,71.26,78,75,10.36,broken clouds
175,Niigata,JP,37.9022,139.0236,78.75,78,75,2.3,broken clouds
176,Portland,US,45.5234,-122.6762,81.21,49,75,8.05,broken clouds
177,Liuzhou,CN,24.3126,109.3892,79.16,88,82,2.24,broken clouds
178,Neuquen,AR,-38.9516,-68.0591,48.09,49,0,5.75,clear sky
179,Svetlogorsk,BY,52.6333,29.7333,56.91,90,100,7.0,overcast clouds
180,Ixtapa,MX,20.7,-105.2,88.23,74,40,11.5,scattered clouds
181,Karratha,AU,-20.7377,116.8463,63.93,25,0,5.86,clear sky
182,Katsuura,JP,35.1333,140.3,75.43,92,7,2.8,clear sky
183,San Patricio,US,28.017,-97.5169,103.17,31,7,14.52,clear sky
184,Kavaratti,IN,10.5669,72.642,81.18,80,100,20.92,overcast clouds
185,Talnakh,RU,69.4865,88.3972,47.21,61,26,6.44,scattered clouds
186,Longyearbyen,SJ,78.2186,15.6401,44.44,87,75,6.91,broken clouds
187,Campbell River,CA,50.0163,-125.2446,68.59,77,100,6.91,overcast clouds
188,Raudeberg,NO,61.9875,5.1352,50.95,75,93,9.26,overcast clouds
189,Riachao Das Neves,BR,-11.7461,-44.91,73.2,40,0,3.76,clear sky
190,Airai,TL,-8.9266,125.4092,54.88,91,85,3.76,overcast clouds
191,Hokitika,NZ,-42.7167,170.9667,48.11,65,63,7.16,broken clouds
192,Baykit,RU,61.67,96.37,49.44,89,0,3.83,clear sky
193,Fare,PF,-16.7,-151.0167,77.88,77,49,19.46,light rain
194,Atasu,KZ,48.6814,71.6433,61.0,74,60,8.39,broken clouds
195,San Quintin,MX,30.4833,-115.95,74.52,64,6,16.42,clear sky
196,Tsogni,GA,-2.7942,10.0988,67.57,86,21,4.76,few clouds
197,Antofagasta,CL,-23.65,-70.4,58.28,71,100,5.3,overcast clouds
198,Sovetskiy,RU,61.3614,63.5842,63.52,60,57,5.39,broken clouds
199,Mpongwe,ZM,-13.5091,28.155,53.01,74,0,4.72,clear sky
200,Camopi,GF,3.1655,-52.3158,73.53,98,31,2.89,scattered clouds
201,Gusau,NG,12.1628,6.6614,78.31,76,60,7.96,light rain
202,Jiazi,CN,22.8779,116.067,80.35,88,72,1.48,broken clouds
203,Vanimo,PG,-2.6741,141.3028,77.49,87,95,4.47,overcast clouds
204,Dicabisagan,PH,17.0818,122.4157,79.39,88,39,1.97,scattered clouds
205,Sainte-Rose,GP,16.3324,-61.6979,84.24,74,20,16.11,few clouds
206,Bayji,IQ,34.9311,43.487,91.62,18,0,20.76,clear sky
207,Aguimes,ES,27.9054,-15.4461,83.03,30,0,31.07,clear sky
208,Saldanha,ZA,-33.0117,17.9442,50.05,75,57,2.84,broken clouds
209,Alindao,CF,5.0267,21.2088,70.21,93,98,0.49,overcast clouds
210,Victoria,HK,22.2855,114.1577,85.32,83,90,5.01,overcast clouds
211,Srednekolymsk,RU,67.45,153.6833,68.54,42,33,15.84,scattered clouds
212,Roebourne,AU,-20.7833,117.1333,63.61,29,0,8.5,clear sky
213,Gadung,PH,6.8025,124.02,79.3,72,91,3.91,overcast clouds
214,Tuatapere,NZ,-46.1333,167.6833,36.1,87,76,4.59,broken clouds
215,Kavieng,PG,-2.5744,150.7967,82.56,75,58,12.46,light rain
216,Broome,US,42.2506,-75.833,81.66,39,0,1.99,clear sky
217,Marataizes,BR,-21.0433,-40.8244,71.73,81,65,17.49,broken clouds
218,Pisco,PE,-13.7,-76.2167,64.45,72,0,20.71,clear sky
219,Bengkulu,ID,-3.8004,102.2655,73.89,89,92,4.12,overcast clouds
220,Saint-Francois,FR,46.4154,3.9054,63.84,68,0,2.3,clear sky
221,Port-Cartier,CA,50.0334,-66.8654,62.82,73,100,3.2,light rain
222,Sinnamary,GF,5.3833,-52.95,77.25,87,58,8.41,broken clouds
223,Narasannapeta,IN,18.4167,84.05,79.61,87,74,7.16,light rain
224,Praia Da Vitoria,PT,38.7333,-27.0667,68.25,68,75,6.53,broken clouds
225,Emerald,AU,-23.5333,148.1667,45.77,63,0,10.71,clear sky
226,Limbang,MY,4.75,115.0,73.51,94,100,2.15,overcast clouds
227,Slave Lake,CA,55.2834,-114.769,69.78,56,75,18.41,broken clouds
228,Tinskoy,RU,56.1525,96.9161,56.17,95,82,4.43,broken clouds
229,Ambovombe,MG,-25.1667,46.0833,63.86,78,0,6.38,clear sky
230,Ciudad Bolivar,VE,8.1222,-63.5497,83.3,70,80,11.23,broken clouds
231,Naze,JP,28.3667,129.4833,79.72,87,15,6.22,few clouds
232,Novo Aripuana,BR,-5.1206,-60.3797,84.6,54,46,2.17,scattered clouds
233,Togur,RU,58.3631,82.8265,55.29,79,16,6.46,few clouds
234,Nagua,DO,19.3832,-69.8474,84.51,100,75,6.91,broken clouds
235,Fenyi,CN,27.8112,114.6681,79.59,88,88,2.28,overcast clouds
236,Port Hedland,AU,-20.3167,118.5667,50.05,66,2,8.05,clear sky
237,Olga,RU,43.7444,135.2892,66.0,86,100,3.22,overcast clouds
238,Cozumel,MX,20.5083,-86.9458,89.67,68,75,5.99,broken clouds
239,Krasnopavlivka,UA,49.1372,36.3272,64.6,88,100,7.07,light rain
240,Chabahar,IR,25.2919,60.643,84.07,82,100,9.89,overcast clouds
241,Uruzgan,AF,32.8333,66.0,78.87,16,0,3.0,clear sky
242,Macklin,CA,52.3334,-109.9348,71.94,42,61,11.5,broken clouds
243,Rapid Valley,US,44.0625,-103.1463,95.76,26,0,17.27,clear sky
244,Gat,IL,31.61,34.7642,78.82,100,12,5.53,few clouds
245,Adrar,MR,20.5022,-10.0711,99.73,8,0,7.7,clear sky
246,Ahuimanu,US,21.4447,-157.8378,85.71,63,75,19.57,broken clouds
247,Vila Franca Do Campo,PT,37.7167,-25.4333,69.19,81,25,4.81,scattered clouds
248,Lasa,IT,46.6166,10.7002,65.28,85,9,6.31,clear sky
249,Chiang Klang,TH,19.2938,100.8617,73.8,99,80,0.76,broken clouds
250,Creutzwald,FR,49.2,6.6833,65.28,76,0,2.75,clear sky
251,Yumen,CN,40.2833,97.2,69.73,55,77,10.13,broken clouds
252,Inhambane,MZ,-23.865,35.3833,67.44,75,0,11.14,clear sky
253,Sao Filipe,CV,14.8961,-24.4956,73.87,85,21,6.69,few clouds
254,Wodonga,AU,-36.1167,146.8833,39.96,100,98,2.93,overcast clouds
255,North Branch,US,45.5113,-92.9802,80.58,59,54,14.47,broken clouds
256,Ugoofaaru,MV,5.6667,73.0,81.21,80,100,15.14,overcast clouds
257,Pangnirtung,CA,66.1451,-65.7125,51.78,60,95,4.27,overcast clouds
258,Malanje,AO,-9.5402,16.341,65.77,37,14,2.48,few clouds
259,Sola,VU,-13.8833,167.55,81.61,68,12,11.43,few clouds
260,Massaguet,TD,12.4755,15.4365,85.06,57,85,12.26,overcast clouds
261,Vytegra,RU,61.0064,36.4481,58.46,98,86,4.74,overcast clouds
262,Eureka,US,40.8021,-124.1637,73.2,70,12,7.0,few clouds
263,Deputatskiy,RU,69.3,139.9,60.64,55,100,3.53,overcast clouds
264,Faanui,PF,-16.4833,-151.75,78.46,75,91,19.24,light rain
265,Labuhan,ID,-6.8844,112.2051,75.34,88,21,7.4,few clouds
266,Lima,PE,-12.0432,-77.0282,62.91,82,100,11.5,overcast clouds
267,Bundaberg,AU,-24.85,152.35,49.21,83,0,3.0,clear sky
268,Hamilton,US,39.1834,-84.5333,88.0,52,40,9.22,scattered clouds
269,Lakes Entrance,AU,-37.8811,147.981,44.08,73,100,6.02,overcast clouds
270,Sohbatpur,PK,28.5202,68.5434,91.71,59,86,5.73,overcast clouds
271,Bandar-E Lengeh,IR,26.5579,54.8807,93.31,66,100,9.22,overcast clouds
272,Mao,ES,39.8885,4.2658,73.96,78,0,4.61,clear sky
273,Madona,LV,56.8533,26.217,52.41,88,97,3.24,overcast clouds
274,Vao,NC,-22.6667,167.4833,76.33,80,45,23.67,scattered clouds
275,Lufilufi,WS,-13.8745,-171.5986,82.18,80,27,17.9,light rain
276,Panguipulli,CL,-39.6333,-72.3333,40.17,98,86,3.09,overcast clouds
277,Porto Santo,PT,33.072,-16.3415,68.38,83,75,20.71,broken clouds
278,Bima,ID,-8.4667,118.7167,75.7,90,60,3.94,broken clouds
279,Hofn,IS,64.2539,-15.2082,50.34,97,100,14.38,overcast clouds
280,Manaure,CO,11.7751,-72.4445,88.45,58,100,22.64,overcast clouds
281,Flinders,AU,-34.5833,150.8552,49.37,93,43,8.14,scattered clouds
282,Nanortalik,GL,60.1432,-45.2371,43.75,83,51,4.43,broken clouds
283,Gambo,CF,4.6482,22.2633,68.85,97,100,1.81,overcast clouds
284,Progreso,MX,21.2833,-89.6667,94.1,64,44,11.32,scattered clouds
285,Ameyalco,MX,19.3167,-99.4667,75.96,40,75,4.61,broken clouds
286,Wagar,SD,16.1525,36.2032,84.9,54,100,10.13,overcast clouds
287,Lakhipur,IN,26.0299,90.3041,79.27,88,89,2.57,overcast clouds
288,Dandong,CN,40.1292,124.3947,69.49,93,63,4.12,broken clouds
289,Montmagny,FR,48.9734,2.3469,73.96,59,0,9.22,clear sky
290,Cabedelo,BR,-6.9811,-34.8339,77.67,81,11,14.27,few clouds
291,Spearfish,US,44.4908,-103.8594,92.26,26,0,8.05,clear sky
292,Inverness,GB,57.4791,-4.224,55.98,90,20,3.44,few clouds
293,Komsomolskiy,UZ,40.4272,71.7189,75.92,38,34,2.3,scattered clouds
294,Latung,PH,5.5,120.8833,82.87,71,98,6.04,overcast clouds
295,Ardee,IE,53.8597,-6.5406,59.83,92,44,4.97,scattered clouds
296,Westport,US,41.1415,-73.3579,84.99,43,0,8.05,clear sky
297,Acajutla,SV,13.5928,-89.8275,84.45,69,64,5.79,broken clouds
298,Ucluelet,CA,48.9329,-125.5528,62.91,92,99,4.7,overcast clouds
299,Tessalit,ML,20.1986,1.0114,96.62,9,40,6.44,scattered clouds
300,Republic,US,37.12,-93.4802,93.87,40,0,4.61,clear sky
301,Port Hardy,CA,50.6996,-127.4199,64.58,77,75,12.66,broken clouds
302,Manyana,BW,-23.4,21.7167,48.38,45,0,8.19,clear sky
303,Markova,UA,48.6758,24.4138,50.77,91,84,5.1,broken clouds
304,Samarai,PG,-10.6167,150.6667,81.46,73,28,11.05,scattered clouds
305,Padang,ID,-0.9492,100.3543,76.28,85,99,4.03,overcast clouds
306,Husavik,IS,66.0449,-17.3389,53.37,94,100,1.99,overcast clouds
307,Coihueco,CL,-36.6167,-71.8333,48.94,81,75,9.22,broken clouds
308,Maarianhamina,AX,60.0973,19.9348,48.06,100,0,2.3,clear sky
309,Tasiilaq,GL,65.6145,-37.6368,48.36,77,42,1.5,scattered clouds
310,Thinadhoo,MV,0.5333,72.9333,82.4,76,100,8.59,overcast clouds
311,Ust-Kuyga,RU,70.0167,135.6,68.58,46,94,3.06,overcast clouds
312,Shipunovo,RU,52.1582,82.2173,60.78,83,2,8.25,clear sky
313,Muncar,ID,-8.4333,114.3333,75.72,92,88,3.2,overcast clouds
314,Chokwe,MZ,-24.5333,32.9833,65.97,54,0,6.85,clear sky
315,Handan,CN,36.6006,114.4678,72.1,77,77,5.06,broken clouds
316,Rivera,UY,-30.9053,-55.5508,65.93,87,90,7.72,overcast clouds
317,Ahipara,NZ,-35.1667,173.1667,56.98,91,100,8.75,overcast clouds
318,Bathsheba,BB,13.2167,-59.5167,84.81,88,20,18.41,few clouds
319,Leshukonskoye,RU,64.8989,45.7622,61.11,66,94,4.97,overcast clouds
320,Garissa,KE,-0.4536,39.6401,73.83,69,81,20.22,broken clouds
321,Prince Rupert,CA,54.3161,-130.3201,57.29,88,100,40.29,light rain
322,Broken Hill,AU,-31.95,141.4333,44.24,59,100,7.31,overcast clouds
323,Dunedin,NZ,-45.8742,170.5036,44.8,70,58,1.99,broken clouds
324,Posse,BR,-14.0931,-46.3694,69.22,43,0,7.25,clear sky
325,El Sauzal,MX,31.9,-116.6833,77.23,56,20,9.66,few clouds
326,Nome,US,64.5011,-165.4064,69.17,67,0,11.5,clear sky
327,Andenes,NO,69.3143,16.1194,53.92,93,40,4.61,scattered clouds
328,Mirnyy,RU,62.5353,113.9611,61.02,62,73,1.16,broken clouds
329,Dedza,MW,-14.3779,34.3332,54.14,59,46,4.85,scattered clouds
330,Isla Mujeres,MX,21.2311,-86.731,91.45,67,11,9.8,few clouds
331,Tiksi,RU,71.6872,128.8694,49.44,75,28,11.23,scattered clouds
332,Shakawe,BW,-18.3667,21.85,56.91,43,0,3.44,clear sky
333,Rawson,AR,-43.3002,-65.1023,39.79,95,100,28.43,light rain
334,Kutum,SD,14.2,24.6667,85.62,24,99,3.56,overcast clouds
335,Haapiti,PF,-17.5667,-149.8667,82.13,73,62,17.07,light rain
336,Esmeraldas,BR,-19.7625,-44.3139,68.86,58,13,8.97,few clouds
337,Darnah,LY,32.767,22.6367,76.33,72,1,13.38,clear sky
338,Kloulklubed,PW,7.0419,134.2556,83.82,70,76,5.79,broken clouds
339,Ustka,PL,54.5805,16.8619,57.65,64,65,6.55,broken clouds
340,Havre-Saint-Pierre,CA,50.2334,-63.5986,59.36,67,75,21.85,broken clouds
341,Arman,RU,59.7,150.1667,64.26,69,79,3.94,broken clouds
342,Smoky Lake,CA,54.1169,-112.4686,70.38,52,50,12.66,scattered clouds
343,Tuy Hoa,VN,13.0833,109.3,76.87,83,100,8.16,overcast clouds
344,Wucheng,CN,29.6008,118.175,81.55,90,100,2.01,overcast clouds
345,Port-Gentil,GA,-0.7193,8.7815,71.56,88,20,10.36,few clouds
346,Chifeng,CN,42.2683,118.9636,71.2,68,0,2.73,clear sky
347,Juneau,US,58.3019,-134.4197,57.22,93,100,13.8,light rain
348,Yelizovo,RU,53.1873,158.3805,75.34,78,40,4.47,scattered clouds
349,Gabriel Leyva Solano,MX,25.6667,-108.6417,99.01,38,12,15.7,few clouds
350,Sabang,ID,5.8933,95.3214,82.47,76,100,20.85,overcast clouds
351,Port-Au-Prince,HT,18.5392,-72.335,89.22,62,40,12.66,scattered clouds
352,Ponta Delgada,PT,37.7333,-25.6667,69.49,77,75,6.91,broken clouds
353,Trelew,AR,-43.249,-65.3051,39.11,92,100,23.44,light rain
354,Pontianak,ID,-0.0333,109.3333,73.38,100,40,0.0,scattered clouds
355,Ormara,PK,25.2088,64.6357,82.83,82,74,9.53,light rain
356,Klaksvik,FO,62.2266,-6.589,52.72,94,91,24.23,overcast clouds
357,Semnan,IR,35.5729,53.3971,82.08,28,0,6.89,clear sky
358,Syracuse,IT,37.0881,15.2792,78.17,65,51,4.25,broken clouds
359,Ancud,CL,-41.8697,-73.8203,46.22,88,95,6.58,light rain
360,Emba,KZ,48.8264,58.1442,71.01,48,5,8.5,clear sky
361,Aitape,PG,-3.1374,142.3475,77.95,85,83,4.47,broken clouds
362,Rassvet,RU,46.8333,40.75,74.55,50,100,2.51,overcast clouds
363,Beringovskiy,RU,63.05,179.3167,45.59,89,100,17.9,light rain
364,Vila Velha,BR,-20.3297,-40.2925,73.35,89,75,4.61,broken clouds
365,Kidal,ML,18.4411,1.4078,97.18,15,39,6.29,scattered clouds
366,Boca Do Acre,BR,-8.7522,-67.3978,82.99,63,84,2.46,broken clouds
367,Diamantino,BR,-14.4086,-56.4461,79.86,35,16,4.65,few clouds
368,Gari,RU,59.4307,62.3497,63.86,76,9,4.7,clear sky
369,Pernik,BG,42.6,23.0333,58.69,79,26,2.68,scattered clouds
370,Ape,LV,57.5393,26.6929,55.71,90,100,2.89,overcast clouds
371,Tautira,PF,-17.7333,-149.15,77.61,78,74,18.25,light rain
372,Plessisville,CA,46.2186,-71.762,77.07,67,59,9.04,broken clouds
373,Werder,DE,52.3787,12.934,63.09,53,100,6.6,overcast clouds
374,Blackwater,AU,-23.5833,148.8833,48.38,61,0,4.68,clear sky
375,Condado,CU,21.8767,-79.8403,84.34,75,48,3.18,scattered clouds
376,Nandurbar,IN,21.3667,74.25,75.0,94,100,18.9,overcast clouds
377,Filadelfia,US,39.9523,-75.1638,84.81,60,75,5.75,broken clouds
378,Pizarro,CO,4.9533,-77.366,78.62,85,100,9.15,light rain
379,Bagdarin,RU,54.4333,113.6,50.94,91,92,3.47,overcast clouds
380,Dayong,CN,25.0209,118.2898,77.65,95,3,1.16,clear sky
381,Takoradi,GH,4.8845,-1.7554,75.07,85,65,8.32,broken clouds
382,Avera,US,33.194,-82.5271,88.38,64,95,5.1,overcast clouds
383,Arzgir,RU,45.3728,44.2206,78.31,40,39,15.39,scattered clouds
384,Pangody,RU,65.85,74.4859,50.77,91,11,9.62,few clouds
385,Llano Largo,PA,7.9,-80.4333,79.47,79,99,2.84,overcast clouds
386,Kupang,ID,-10.1667,123.5833,74.84,82,70,13.87,broken clouds
387,Kobe,JP,34.6913,135.183,80.89,100,80,3.53,broken clouds
388,Maumere,ID,-8.6199,122.2111,77.99,82,71,6.85,broken clouds
389,Otradnoye,RU,59.7775,30.8181,60.1,98,33,2.01,scattered clouds
390,Plettenberg Bay,ZA,-34.0527,23.3716,56.16,84,91,15.88,light rain
391,Saint-Augustin,CA,51.226,-58.6502,61.27,56,87,8.08,overcast clouds
392,Evans,US,33.5337,-82.1307,84.02,69,100,11.5,moderate rain
393,Tevriz,RU,57.509,72.4042,64.58,93,80,4.9,broken clouds
394,Rocky Mountain House,CA,52.3668,-114.9188,71.71,43,43,2.3,scattered clouds
395,Bubaque,GW,11.2833,-15.8333,81.03,81,78,10.96,broken clouds
396,Villa De Reyes,MX,21.8,-100.9333,83.86,26,75,19.82,broken clouds
397,Serta,PT,39.8085,-8.0988,64.44,53,1,5.95,clear sky
398,Gimli,CA,50.6336,-96.9907,69.82,78,65,6.91,broken clouds
399,Sarangani,PH,5.4033,125.4636,82.42,76,59,10.33,broken clouds
400,Lamu,KE,-2.2717,40.902,71.82,76,0,20.67,clear sky
401,Salalah,OM,17.0151,54.0924,75.29,100,100,6.91,heavy intensity drizzle
402,Almaznyy,RU,48.0448,40.045,75.87,44,100,4.88,overcast clouds
403,Mangrol,IN,21.1167,70.1167,81.79,82,100,21.0,overcast clouds
404,Kenora,CA,49.8167,-94.4337,70.77,94,75,15.01,broken clouds
405,Natal,BR,-5.795,-35.2094,79.02,83,0,12.66,clear sky
406,Carahue,CL,-38.7,-73.1667,42.98,92,8,2.24,clear sky
407,La Roche-Sur-Yon,FR,46.6667,-1.4333,73.67,43,0,6.91,clear sky
408,Daru,PG,-9.0763,143.2092,77.13,89,87,16.64,overcast clouds
409,Igarka,RU,67.4667,86.5833,46.99,67,100,7.47,overcast clouds
410,Kismayo,SO,-0.3582,42.5454,75.61,78,46,19.35,light rain
411,Zvishavane,ZW,-20.3267,30.0665,57.15,51,1,2.68,clear sky
412,Vrangel,RU,42.7297,133.0839,66.47,85,100,6.11,moderate rain
413,Zalantun,CN,48.0,122.7167,64.72,70,40,4.09,scattered clouds
414,Codrington,AU,-38.2667,141.9667,49.23,62,100,18.43,overcast clouds
415,Guerrero Negro,MX,27.9769,-114.0611,77.04,59,10,17.94,clear sky
416,Esperance,AU,-33.8667,121.9,54.66,77,81,8.72,broken clouds
417,Mackay,AU,-21.15,149.2,45.68,64,0,7.49,clear sky
418,Sobolevo,RU,54.4299,31.8996,58.66,96,100,5.73,light rain
419,Pandan,PH,14.0453,124.1694,80.92,85,67,4.45,light rain
420,Gracac,HR,44.3006,15.8547,64.15,77,16,7.85,few clouds
421,Fergus Falls,US,46.283,-96.0776,82.38,78,75,1.01,broken clouds
422,Komsomolets,KZ,53.7453,62.0708,65.59,75,100,7.52,overcast clouds
423,Soyo,AO,-6.1349,12.3689,70.81,88,17,6.15,few clouds
424,Porto Novo,BJ,6.4965,2.6036,78.62,86,86,7.92,overcast clouds
425,Mulege,MX,26.8833,-111.9833,97.79,40,30,11.03,scattered clouds
426,Husum,DE,54.4858,9.0524,55.29,84,18,7.87,few clouds
427,Kerman,IR,30.2832,57.0788,85.86,14,0,4.61,clear sky
428,Sokolow Podlaski,PL,52.4068,22.2531,53.31,90,69,8.61,broken clouds
429,Akdepe,TM,42.0551,59.3788,77.09,44,0,9.62,clear sky
430,Nasirabad,IN,26.3,74.7333,79.79,77,73,4.14,broken clouds
431,Puerto Escondido,MX,15.85,-97.0667,86.83,62,40,5.75,scattered clouds
432,Berbera,SO,10.4396,45.0143,88.39,38,66,31.16,broken clouds
433,Sorong,ID,-0.8833,131.25,75.65,85,100,6.04,overcast clouds
434,Pastavy,BY,55.1168,26.8326,52.23,88,100,4.59,overcast clouds
435,Katherine,AU,-14.4667,132.2667,50.32,71,20,5.75,few clouds
436,Sao Felix Do Xingu,BR,-6.6447,-51.995,78.73,46,9,1.79,clear sky
437,Klyuchi,RU,52.2667,79.1667,64.9,77,17,7.4,few clouds
438,Abancay,PE,-13.6339,-72.8814,67.86,46,86,5.84,overcast clouds
439,Santa Maria Da Vitoria,BR,-13.3947,-44.1886,72.34,41,0,5.37,clear sky
440,Tilichiki,RU,60.4667,166.1,62.31,52,12,10.27,few clouds
441,Jhelum,PK,32.9331,73.7264,85.77,71,64,5.93,broken clouds
442,Whitehorse,CA,60.7161,-135.0538,68.77,34,75,11.5,broken clouds
443,Bilibino,RU,68.0546,166.4372,49.46,62,44,2.73,scattered clouds
444,Kargil,IN,34.5667,76.1,55.8,66,2,7.78,clear sky
445,Placerville,US,38.7296,-120.7986,95.97,23,0,8.05,clear sky
446,Kunda,IN,25.7167,81.5167,92.34,46,77,8.79,broken clouds
447,Itarema,BR,-2.9248,-39.9167,77.88,82,58,11.83,broken clouds
448,Grafenau,DE,48.8577,13.3974,53.17,82,51,1.1,broken clouds
449,Ribeira Grande,PT,38.5167,-28.7,67.77,79,16,7.76,few clouds
450,Nuuk,GL,64.1835,-51.7216,45.21,76,40,8.05,scattered clouds
451,Colac,AU,-38.3333,143.5833,46.08,87,98,6.35,overcast clouds
452,Lesosibirsk,RU,58.2358,92.4828,56.37,93,3,5.79,clear sky
453,Burgeo,CA,47.6167,-57.6152,58.57,78,9,18.68,clear sky
454,Sangar,RU,63.9242,127.4739,55.76,94,100,0.85,moderate rain
455,Mustasaari,FI,63.1142,21.6822,57.88,94,0,4.61,clear sky
456,Tokat,TR,40.4167,36.5833,53.08,98,74,3.74,broken clouds
457,Longa,CD,2.8447,24.6776,71.2,94,100,1.61,overcast clouds
458,Asau,RO,46.4333,26.4,59.92,89,76,4.79,broken clouds
459,Praia,CV,14.9215,-23.5087,77.54,73,75,9.22,broken clouds
460,Sitka,US,57.0531,-135.33,60.69,59,100,13.8,overcast clouds
461,Stornoway,GB,58.2093,-6.3865,58.93,88,89,13.8,overcast clouds
462,Plouzane,FR,48.3833,-4.6167,71.65,63,0,11.5,clear sky
463,Kemijarvi,FI,66.7131,27.4306,54.84,92,87,2.17,overcast clouds
464,Kuching,MY,1.55,110.3333,77.22,94,40,1.14,scattered clouds
465,Mola Di Bari,IT,41.0609,17.0873,76.91,60,0,15.86,clear sky
466,Witu,KE,-2.3889,40.4382,71.76,75,4,16.15,clear sky
467,Honningsvag,NO,70.9821,25.9704,51.55,87,100,2.3,overcast clouds
468,Ishigaki,JP,24.3448,124.1572,80.73,94,20,3.44,few clouds
469,Tutoia,BR,-2.7619,-42.2744,77.67,84,54,8.01,broken clouds
470,Mulki,IN,13.1,74.8,76.28,94,100,5.75,mist
471,Gannan,CN,47.9147,123.5031,65.7,86,26,4.9,scattered clouds
472,Fereydun Kenar,IR,36.6864,52.5225,77.72,67,0,1.7,clear sky
473,Palu,ID,-0.8917,119.8707,76.95,88,100,1.95,overcast clouds
474,Gezing,AT,47.9178,13.1299,59.36,88,75,3.44,broken clouds
475,Northam,GB,51.0333,-4.2167,64.38,73,4,2.01,clear sky
476,Strai,NO,58.2,7.9,60.64,82,0,2.3,clear sky
477,Ekhabi,RU,53.5102,142.9671,69.53,81,100,11.21,overcast clouds
478,Say,NE,13.1007,2.3689,82.96,61,97,7.83,overcast clouds
479,Dubbo,AU,-32.25,148.6167,35.73,100,22,9.22,few clouds
480,Huancavelica,PE,-12.7667,-74.9833,48.25,43,76,6.24,broken clouds
481,Mount Isa,AU,-20.7333,139.5,46.17,57,0,5.75,clear sky
482,Hohhot,CN,40.8106,111.6522,61.09,72,0,6.71,clear sky
483,Jinchang,CN,38.4953,102.1739,64.62,77,85,4.92,overcast clouds
484,Matay,EG,28.419,30.7792,83.59,42,1,15.48,clear sky
485,Isangel,VU,-19.55,169.2667,80.71,83,40,4.61,scattered clouds
486,Namibe,AO,-15.1961,12.1522,63.36,87,4,2.15,clear sky
487,Xining,CN,36.6167,101.7667,62.71,91,100,2.77,overcast clouds
488,Linxia,CN,35.6003,103.2064,65.75,95,100,1.63,overcast clouds
489,Sioux Lookout,CA,50.1001,-91.917,78.87,78,75,6.91,broken clouds
490,Wanning,CN,18.8003,110.3967,80.04,91,88,7.67,overcast clouds
491,Sorland,NO,67.667,12.6934,53.46,88,56,8.12,broken clouds
492,Luderitz,NA,-26.6481,15.1594,56.07,74,0,11.99,clear sky
493,Grenfell,AU,-33.9,148.1667,40.5,83,77,4.61,broken clouds
494,Galle,LK,6.0367,80.217,78.73,85,100,18.23,overcast clouds
495,Madruga,CU,22.9114,-81.8561,86.94,67,82,6.46,heavy intensity rain
496,Dalton,US,34.7698,-84.9702,87.48,79,70,1.99,broken clouds
497,Payson,US,40.0444,-111.7321,97.39,16,75,3.0,broken clouds
498,Saint George,US,37.1041,-113.5841,108.63,10,0,11.5,clear sky
499,Yining,CN,29.0361,114.5636,79.48,88,56,2.06,broken clouds
500,Portales,US,34.1862,-103.3344,98.02,18,0,13.11,clear sky
501,Alyangula,AU,-13.8483,136.4192,67.1,69,27,12.95,scattered clouds
502,Tarata,BO,-17.6167,-66.0167,72.82,58,80,9.55,broken clouds
503,San Antero,CO,9.3741,-75.7589,82.98,83,100,7.14,overcast clouds
504,Vanavara,RU,60.34,102.2797,59.13,97,97,3.8,overcast clouds
505,Palafrugell,ES,41.9174,3.1631,75.34,47,0,6.4,clear sky
506,Bull Savanna,JM,17.8868,-77.5902,83.64,63,95,14.23,overcast clouds
507,Bolshoye Murashkino,RU,55.7826,44.7754,63.14,83,96,5.44,overcast clouds
508,Snezhnogorsk,RU,69.1933,33.2531,53.38,96,100,1.9,overcast clouds
509,Astara,AZ,38.5,48.6667,66.18,47,0,2.44,clear sky
510,Tartagal,AR,-22.5164,-63.8013,77.49,47,24,2.82,few clouds
511,Serenje,ZM,-13.2325,30.2352,51.76,69,10,4.29,clear sky
512,Ilhabela,BR,-23.7781,-45.3581,68.7,82,70,5.99,broken clouds
513,Wanaka,NZ,-44.7,169.15,29.1,82,97,1.99,overcast clouds
514,Phayakkhaphum Phisai,TH,15.5163,103.1937,79.41,88,95,10.54,overcast clouds
515,Savannakhet,LA,16.566,104.751,75.52,93,100,3.87,overcast clouds
516,Lishui,CN,28.4604,119.9103,81.97,87,98,1.12,overcast clouds
517,Waipawa,NZ,-41.4122,175.5153,47.66,69,100,7.78,moderate rain
518,Suluq,LY,31.6682,20.2521,76.69,61,0,13.42,clear sky
519,Vilyuysk,RU,63.7553,121.6247,60.26,86,96,3.38,overcast clouds
520,Banda Aceh,ID,5.5577,95.3222,80.6,73,100,13.24,overcast clouds
521,Port Macquarie,AU,-31.4333,152.9167,55.92,80,76,8.95,broken clouds
522,Oriximina,BR,-1.7656,-55.8661,81.57,66,71,3.42,broken clouds
523,Nagyszenas,HU,46.6833,20.6667,60.98,54,31,11.9,scattered clouds
524,Prieska,ZA,-29.6641,22.7474,51.06,75,61,14.07,broken clouds
525,Evensk,RU,61.95,159.2333,62.78,60,6,4.12,clear sky
526,Baruun-Urt,MN,46.6806,113.2792,63.75,51,100,2.82,overcast clouds
527,Nova Olimpia,BR,-14.7972,-57.2881,81.52,36,11,4.54,few clouds
528,Katangli,RU,51.7102,143.2326,64.35,88,100,2.68,overcast clouds
529,Bhainsdehi,IN,21.6467,77.6325,70.75,97,100,10.78,heavy intensity rain
530,Qaqortoq,GL,60.7167,-46.0333,44.35,83,21,4.88,few clouds
531,Gravdal,NO,68.1214,13.5031,52.3,84,36,5.61,scattered clouds
532,Zhanaozen,KZ,43.3,52.8,82.44,19,0,9.22,clear sky
533,Alamogordo,US,32.8995,-105.9603,94.01,33,0,8.05,clear sky
534,Kudahuvadhoo,MV,2.6708,72.8944,82.09,76,100,8.1,overcast clouds
535,Fort Morgan,US,40.2503,-103.8,101.62,19,0,11.5,clear sky
536,Seoul,KR,37.5683,126.9778,76.44,83,0,6.91,clear sky
537,Yar-Sale,RU,66.8333,70.8333,47.95,86,18,8.37,few clouds
538,Clyde River,CA,70.4692,-68.5914,48.43,71,100,4.61,overcast clouds
539,Abaza,RU,52.655,90.0928,53.62,82,11,3.51,few clouds
540,Tupik,RU,54.4253,119.9327,55.36,95,100,2.64,overcast clouds
541,Vardo,NO,70.3705,31.1107,49.98,93,100,4.61,overcast clouds
542,Vredendal,ZA,-31.6683,18.5012,51.03,96,9,3.31,clear sky
543,Ostrovnoy,RU,68.0531,39.5131,54.39,77,22,13.18,few clouds
544,Vestmannaeyjar,IS,63.4427,-20.2734,51.35,95,100,10.25,overcast clouds
545,Ermelo,ZA,-26.5333,29.9833,48.09,56,0,9.62,clear sky
546,Roma,US,43.2128,-75.4557,79.68,41,0,5.75,clear sky
547,Uusikaupunki,FI,60.8004,21.4084,55.22,78,58,7.63,broken clouds
548,Wilmington,US,34.2257,-77.9447,75.94,90,100,10.36,mist
549,Fort Nelson,CA,58.8053,-122.7002,67.59,49,75,8.05,broken clouds
550,Wajima,JP,37.4,136.9,77.2,78,100,4.68,overcast clouds
551,Winnemucca,US,40.973,-117.7357,93.25,11,0,4.61,clear sky
552,Harper,LR,4.375,-7.7169,75.07,78,28,8.08,scattered clouds
553,Rabo De Peixe,PT,37.8,-25.5833,68.27,74,75,6.91,broken clouds
554,Leh,IN,34.1667,77.5833,63.41,56,19,7.23,few clouds
555,Martapura,ID,-3.4167,114.85,77.09,100,75,1.14,broken clouds
556,Egvekinot,RU,66.3167,-179.1667,42.58,88,100,5.3,overcast clouds
557,Santa Barbara,US,34.7333,-120.0343,90.34,43,0,10.36,clear sky
558,Mormugao,IN,15.4,73.8,78.06,89,100,12.66,light rain
559,Illapel,CL,-31.6308,-71.1653,43.84,95,100,6.22,light rain
560,Acara,BR,-1.9608,-48.1967,78.58,61,51,2.66,broken clouds
561,Belaya Gora,RU,68.5333,146.4167,60.44,57,100,5.97,overcast clouds
562,Tarko-Sale,RU,64.9225,77.785,55.71,81,15,12.84,few clouds
563,Envira,BR,-7.3,-70.2167,76.21,90,100,3.58,overcast clouds
564,Kruisfontein,ZA,-34.0033,24.7314,51.89,87,64,10.29,broken clouds
565,Verkhnevilyuysk,RU,63.4453,120.3167,58.23,92,97,3.18,overcast clouds
566,Batsfjord,NO,70.6345,29.7185,55.18,82,0,4.61,clear sky
567,Broadstairs,GB,51.3591,1.4394,67.19,69,45,7.45,scattered clouds
568,Ibra,OM,22.6906,58.5334,77.05,86,100,11.07,overcast clouds
569,Mareeba,AU,-17.0,145.4333,57.92,83,8,2.89,clear sky
570,San Policarpo,PH,12.1791,125.5072,78.85,85,100,2.68,heavy intensity rain
571,Chiredzi,ZW,-21.05,31.6667,60.82,63,0,5.66,clear sky
572,Aquiles Serdan,MX,17.7833,-92.2833,92.21,63,30,8.16,scattered clouds
573,Poronaysk,RU,49.2167,143.1167,57.88,82,100,3.06,overcast clouds
574,Abnub,EG,27.2696,31.1511,89.82,33,5,9.75,clear sky
575,Larsnes,NO,62.2028,5.5773,55.81,90,94,6.17,overcast clouds
576,Liwale,TZ,-9.7667,37.9333,59.43,89,25,3.27,scattered clouds
577,Brae,GB,60.3964,-1.353,54.32,89,100,10.36,overcast clouds
578,Uyuni,BO,-20.4597,-66.825,46.27,21,30,25.46,scattered clouds
579,Namatanai,PG,-3.6667,152.4333,81.84,72,58,6.8,broken clouds
580,Olafsvik,IS,64.8945,-23.7142,50.65,93,100,8.52,overcast clouds
581,Sai Buri,TH,6.7013,101.6168,77.52,87,100,6.71,light rain
582,Tornio,FI,65.8481,24.1466,55.42,93,96,3.18,overcast clouds
583,Mawlaik,MM,23.6333,94.4167,76.46,97,73,1.05,broken clouds
584,Pontes E Lacerda,BR,-15.2261,-59.3353,82.13,38,8,2.53,clear sky
585,Olinda,BR,-8.0089,-34.8553,78.53,73,40,13.8,scattered clouds
586,Liancheng,CN,24.0519,105.075,65.37,96,15,2.95,few clouds
587,Saint-Georges,GD,12.0564,-61.7485,83.88,79,40,18.41,scattered clouds
588,Mortka,RU,59.3322,66.0214,65.97,87,31,5.32,scattered clouds
589,Kambove,CD,-10.8764,26.5969,56.91,54,4,2.86,clear sky
590,Salinas,US,36.6777,-121.6555,94.57,63,20,9.22,few clouds
591,Khonsa,IN,27.0167,95.5667,68.29,97,73,4.52,broken clouds
592,San Luis De Planes,HN,14.9833,-88.1333,71.19,67,80,4.99,broken clouds
593,Chapleau,CA,47.8405,-83.4034,69.89,73,75,11.5,broken clouds
594,Celestun,MX,20.8667,-90.4,85.39,66,72,13.38,broken clouds
595,Ayia Galini,GR,35.1,24.6833,75.38,64,0,8.57,clear sky
596,Peniche,PT,39.3558,-9.3811,67.28,88,0,14.05,clear sky
597,Novorzhev,RU,57.0294,29.3338,55.22,94,98,0.63,overcast clouds
598,Sidi Ali,DZ,36.0998,0.4206,77.16,51,0,5.88,clear sky
599,Selikhino,RU,50.3672,137.4996,72.27,82,98,1.1,overcast clouds
600,Kaeo,NZ,-35.1,173.7833,60.33,97,100,8.9,light rain
601,Uglovskoye,RU,51.3557,80.1942,63.97,77,27,7.74,scattered clouds
602,Ajdabiya,LY,30.7554,20.2263,76.77,61,0,14.54,clear sky
603,Manbij,SY,36.5281,37.9549,71.26,77,0,17.47,clear sky
604,Marienburg,PL,54.0359,19.0266,56.12,83,46,6.6,scattered clouds
605,Pacific Grove,US,36.6177,-121.9166,80.38,82,20,9.22,few clouds
606,Dongsheng,CN,39.8161,109.9776,69.03,68,100,6.31,overcast clouds
607,Ko Samui,TH,9.5357,99.9357,81.73,80,100,28.54,overcast clouds
608,Cahir,IE,52.3769,-7.9217,62.92,90,0,3.96,clear sky
609,Cuiaba,BR,-15.5961,-56.0967,89.53,31,0,4.61,clear sky
610,Fengcheng,CN,40.4536,124.0717,69.22,92,62,2.26,broken clouds
611,Toora-Khem,RU,52.4675,96.11,47.37,85,28,1.23,scattered clouds
612,Jiblah,YE,13.9216,44.1467,69.15,55,100,0.72,overcast clouds
613,Maragogi,BR,-9.0122,-35.2225,75.02,79,4,9.69,clear sky
614,Kongolo,CD,-5.3833,27.0,75.27,41,48,3.29,scattered clouds
615,Sao Jose Da Coroa Grande,BR,-8.8978,-35.1478,75.27,78,3,9.78,clear sky
616,Sleaford,GB,52.9983,-0.4094,67.05,82,88,8.05,overcast clouds
617,Meaux,FR,48.9167,3.0,69.64,66,34,7.52,scattered clouds
618,Chimichagua,CO,9.2578,-73.8123,90.43,62,55,3.94,broken clouds
619,Galanta,SK,48.19,17.7275,62.71,70,75,9.48,broken clouds
620,Jepelacio,PE,-6.1167,-76.95,70.07,88,72,1.34,broken clouds
621,Toppenish,US,46.3774,-120.3087,87.35,19,82,4.0,broken clouds
622,Anda,CN,46.4,125.3167,68.32,79,73,5.7,broken clouds
623,Pulandian,CN,39.3953,121.9669,70.9,95,40,7.9,scattered clouds
624,Yertsevo,RU,60.7966,40.086,59.32,98,100,5.5,overcast clouds
625,Palauig,PH,15.435,119.9045,81.16,79,84,6.35,broken clouds
626,Yichang,CN,30.7144,111.2847,81.61,88,84,1.79,broken clouds
627,Pochutla,MX,15.7432,-96.4661,91.22,69,100,5.64,overcast clouds
628,Tabou,CI,4.423,-7.3528,75.22,78,38,7.94,scattered clouds
629,Caiaponia,BR,-16.9567,-51.8103,69.66,36,9,3.85,clear sky
630,La Asuncion,VE,11.0333,-63.8628,82.13,74,100,13.8,overcast clouds
631,Dwarka,IN,22.2394,68.9678,82.51,82,100,21.43,light rain
632,Poum,NC,-20.2333,164.0167,77.36,82,2,11.32,clear sky
633,Hinton,CA,53.4001,-117.5857,71.55,29,75,9.24,broken clouds
634,Zyryanka,RU,65.75,150.85,73.06,45,45,6.15,scattered clouds
635,Hovd,MN,48.0056,91.6419,56.91,53,6,4.25,light rain
636,Dalvik,IS,65.9702,-18.5286,51.73,95,100,3.91,overcast clouds
637,Saint-Joseph,RE,-21.3667,55.6167,63.21,76,17,13.82,few clouds
638,Olavarria,AR,-36.8927,-60.3225,53.02,58,100,8.95,overcast clouds
639,Port Lincoln,AU,-34.7333,135.8667,52.99,63,97,14.54,overcast clouds
640,Polczyn-Zdroj,PL,53.7642,16.0957,55.09,84,20,8.57,few clouds
641,Cerro Grande,HN,13.8167,-87.25,78.51,54,86,6.35,overcast clouds
642,Marrakesh,MA,31.6315,-8.0083,96.87,20,20,5.75,few clouds
643,Chalchihuites,MX,23.4833,-103.8833,83.17,19,39,17.2,scattered clouds
644,Aktau,KZ,43.65,51.2,75.78,27,0,10.94,clear sky
645,Holme,DK,56.1138,10.1725,56.77,84,96,8.86,overcast clouds
646,Maiduguri,NG,11.8464,13.1603,85.24,50,71,9.55,broken clouds
647,Paamiut,GL,61.994,-49.6678,39.56,92,18,20.45,few clouds
648,Tonj,SS,7.2737,28.6822,71.69,85,98,4.92,overcast clouds
649,Biak,ID,-0.9131,122.8766,73.09,88,100,2.46,overcast clouds
650,Hasaki,JP,35.7333,140.8333,77.29,86,0,2.73,clear sky
651,Saryozek,KZ,44.3583,77.9753,67.35,39,62,4.38,broken clouds
652,Ust-Nera,RU,64.5667,143.2,75.97,55,100,4.59,overcast clouds
653,Neiafu,TO,-18.65,-173.9833,77.68,94,75,13.8,broken clouds
654,Nelson Bay,AU,-32.7167,152.15,54.0,96,96,8.79,overcast clouds
655,Khon Buri,TH,14.5254,102.2459,74.14,89,100,3.13,light rain
656,Dukat,RU,62.55,155.55,76.26,44,32,10.56,scattered clouds
657,Kumano,JP,34.3442,132.5894,76.95,90,100,2.68,overcast clouds
658,Ratzeburg,DE,53.7,10.7667,56.21,78,88,5.75,overcast clouds
659,Bullhead City,US,35.1478,-114.5683,113.86,9,20,9.22,few clouds
660,Salta,AR,-24.7859,-65.4117,81.19,22,40,16.11,scattered clouds
661,Kushmurun,KZ,52.4503,64.6311,66.72,74,94,10.25,overcast clouds
